,Rank,Name,Platform,Year,Genre,Publisher,NA_Sales,EU_Sales,JP_Sales,Other_Sales,Global_Sales
0,12200,Cabela's Big Game Hunter 2005 Adventures,GC,2004.0,Sports,Activision,0.05,0.01,0.0,0.0,0.07
1,10814,Minority Report: Everybody Runs,XB,2002.0,Action,Activision,0.07,0.02,0.0,0.0,0.1
2,894,Mario Super Sluggers,Wii,2008.0,Sports,Nintendo,1.51,0.0,0.29,0.12,1.93
3,4808,Warriors Orochi 2 (JP sales),PS2,2008.0,Action,Tecmo Koei,0.0,0.0,0.4,0.0,0.4
4,13925,Don Bradman Cricket 14,XOne,2015.0,Sports,Tru Blu Entertainment,0.0,0.04,0.0,0.0,0.04
5,14890,The Peanuts Movie: Snoopy's Grand Adventure,X360,2015.0,Action,Activision,0.0,0.02,0.0,0.0,0.03
6,505,Colin McRae Rally,PS,1998.0,Racing,Codemasters,0.09,2.43,0.12,0.22,2.87
7,11627,Ford vs. Chevy,XB,2005.0,Racing,Global Star,0.06,0.02,0.0,0.0,0.08
8,8397,The Naked Brothers Band: The Video Game,PS2,2008.0,Misc,THQ,0.08,0.06,0.0,0.02,0.17
9,2146,LEGO Star Wars II: The Original Trilogy,GC,2006.0,Action,LucasArts,0.75,0.19,0.0,0.03,0.97
10,9192,Bottom of the 9th,PS,1996.0,Sports,Konami Digital Entertainment,0.08,0.05,0.0,0.01,0.14
11,6758,Disney's A Christmas Carol,DS,2009.0,Adventure,Disney Interactive Studios,0.22,0.01,0.0,0.02,0.25
12,2502,Dragon Ball: Raging Blast 2,PS3,2010.0,Fighting,Namco Bandai Games,0.42,0.2,0.11,0.09,0.83
13,1848,Toy Story 3: The Video Game,PS3,2010.0,Action,Disney Interactive Studios,0.51,0.42,0.0,0.17,1.11
14,9727,Guardian's Crusade,PS,1998.0,Role-Playing,Activision,0.07,0.05,0.0,0.01,0.12
15,16343,Grooverider: Slot Car Thunder,GC,2003.0,Racing,Encore,0.01,0.0,0.0,0.0,0.01
16,4205,Spider-Man: Friend or Foe,DS,2007.0,Action,Activision,0.43,0.0,0.0,0.04,0.47
17,5702,Might & Magic Heroes VI,PC,2011.0,Role-Playing,Ubisoft,0.12,0.14,0.0,0.05,0.31
18,1240,Call of Duty 3,PS3,2006.0,Shooter,Activision,0.6,0.63,0.03,0.26,1.52
19,4451,Blood Omen: Legacy of Kain,PS,1996.0,Role-Playing,Crystal Dynamics,0.25,0.17,0.0,0.03,0.44
20,10266,One Piece: Burning Blood,PSV,2016.0,Fighting,Namco Bandai Games,0.0,0.03,0.07,0.01,0.11
21,16253,Strider (2014),PS3,2014.0,Platform,Capcom,0.0,0.0,0.01,0.0,0.01
22,3203,Taiko no Tatsujin: Chibi Dragon to Fushigi na Orb,3DS,2012.0,Misc,Namco Bandai Games,0.0,0.0,0.63,0.0,0.63
23,5035,Final Fantasy Adventure,GB,1991.0,Role-Playing,SquareSoft,0.0,0.0,0.38,0.0,0.38
24,10531,Kirarin * Revolution: Mezase! Idol Queen,DS,2007.0,Simulation,Konami Digital Entertainment,0.0,0.0,0.1,0.0,0.1
25,15832,Phoenix Wright: Ace Attorney Trilogy,3DS,2014.0,Adventure,Capcom,0.0,0.0,0.02,0.0,0.02
26,13699,Catwoman,GBA,2004.0,Action,Electronic Arts,0.03,0.01,0.0,0.0,0.04
27,14287,Ultimate Block Party,PSP,2004.0,Puzzle,505 Games,0.03,0.0,0.0,0.0,0.03
28,15471,Tycoon City: New York,PC,2006.0,Strategy,Atari,0.0,0.02,0.0,0.0,0.02
29,10112,Murakumo: Renegade Mech Pursuit,XB,2002.0,Shooter,From Software,0.04,0.01,0.06,0.0,0.11
30,6650,Cartoon Network Collection: Game Boy Advance Video Volume 1,GBA,2004.0,Misc,,0.18,0.07,0.0,0.0,0.25
31,1332,Tony Hawk's American Wasteland (Weekly american sales),PS2,2005.0,Sports,Activision,1.38,0.05,0.0,0.02,1.45
32,8821,Kingdom of Paradise,PSP,2005.0,Role-Playing,Sony Computer Entertainment,0.14,0.0,0.0,0.01,0.15
33,5634,Kirby's Block Ball,GB,1995.0,Puzzle,Nintendo,0.0,0.0,0.32,0.0,0.32
34,14647,Bleach DS 4th: Flame Bringer,DS,2009.0,Action,Sega,0.0,0.0,0.03,0.0,0.03
35,8373,Bomberman B-Daman,SNES,1996.0,Shooter,Hudson Soft,0.0,0.0,0.17,0.0,0.17
36,5896,Rayman 2: Revolution,PS2,2000.0,Platform,Ubisoft,0.15,0.11,0.0,0.04,0.3
37,15911,Adventure Time: The Secret of the Nameless,3DS,2014.0,Adventure,Little Orbit,0.01,0.0,0.0,0.0,0.02
38,2338,Pokemon Card GB2: Here Comes Team GR!,GB,2001.0,Strategy,Nintendo,0.0,0.0,0.89,0.0,0.89
39,13585,Naruto Shippuuden: Shinobi Retsuden III,DS,2009.0,Action,Takara Tomy,0.0,0.0,0.04,0.0,0.04
40,4616,Arc the Lad III,PS,1999.0,Role-Playing,Sony Computer Entertainment,0.0,0.0,0.39,0.03,0.42
41,2511,Star Wars The Clone Wars: Republic Heroes,Wii,2009.0,Action,LucasArts,0.44,0.3,0.0,0.08,0.82
42,6322,The Adventures of Tintin: The Game,PS3,2011.0,Action,Ubisoft,0.06,0.16,0.0,0.05,0.27
43,11832,Pong / Asteroids / Yars' Revenge,GBA,2005.0,Misc,Zoo Digital Publishing,0.05,0.02,0.0,0.0,0.07
44,666,Madden NFL 08,X360,2007.0,Sports,Electronic Arts,2.18,0.01,0.0,0.18,2.37
45,11970,Rec Room Games,DS,2011.0,Sports,Destineer,0.07,0.0,0.0,0.0,0.07
46,14278,Super Hero Generation,PS3,2014.0,Role-Playing,Namco Bandai Games,0.0,0.0,0.03,0.0,0.03
47,10316,Hexen: Beyond Heretic,PS,1997.0,Shooter,GT Interactive,0.06,0.04,0.0,0.01,0.11
48,11509,Cabela's North American Adventures,PS2,2010.0,Sports,Activision,0.04,0.03,0.0,0.01,0.08
49,7818,Tales of the World: Narikiri Dungeon 2,GBA,2002.0,Role-Playing,Namco Bandai Games,0.0,0.0,0.19,0.0,0.19
50,4981,Triple Play 97,PS,1996.0,Sports,Electronic Arts Victor,0.21,0.15,0.0,0.03,0.38
51,4448,The Darkness,X360,2007.0,Shooter,Take-Two Interactive,0.36,0.04,0.01,0.04,0.44
52,16198,Legoland,PC,1999.0,Action,LEGO Media,0.0,0.01,0.0,0.0,0.01
53,6724,Ninja Gaiden 3,X360,2012.0,Action,Tecmo Koei,0.16,0.05,0.03,0.02,0.25
54,433,Rhythm Heaven,DS,2008.0,Misc,Nintendo,0.58,0.51,1.93,0.14,3.17
55,7503,Cabela's North American Adventures,Wii,2010.0,Sports,Activision,0.19,0.0,0.0,0.01,0.2
56,4073,Momotarou Dentetsu X: Kyuushuu-hen mo Arubai,PS2,2001.0,Misc,Hudson Soft,0.0,0.0,0.49,0.0,0.49
57,5771,Star Wars Jedi Knight II: Jedi Outcast,XB,1234,Shooter,Activision,0.23,0.07,0.0,0.01,0.31
58,3052,Zaidan Houjin Nippon Kanji Nouryoku Kentei Kyoukai Koushiki Soft: 200 Mannin no KanKen: Tokoton Kanji Nou,DS,2006.0,Misc,IE Institute,0.0,0.0,0.66,0.0,0.66
59,9523,Pop'n Music Portable,PSP,2010.0,Misc,Konami Digital Entertainment,0.0,0.0,0.13,0.0,0.13
60,1294,Chrono Trigger,DS,2008.0,Role-Playing,Square Enix,0.69,0.2,0.49,0.09,1.47
61,11303,The King of Fighters '98: Dream Match Never Ends,PS,1999.0,Fighting,SNK Playmore,0.05,0.03,0.0,0.01,0.08
62,4878,Suzuki TT Superbikes,PS2,2005.0,Racing,Jester Interactive,0.33,0.01,0.0,0.05,0.4
63,3519,Spyro Orange: The Cortex Conspiracy,GBA,2004.0,Action,Vivendi Games,0.41,0.15,0.0,0.01,0.57
64,11609,Gunblade NY & L.A. Machineguns Arcade Hits Pack,Wii,2010.0,Shooter,Sega,0.06,0.01,0.0,0.01,0.08
65,2697,Mortal Kombat,PSV,2012.0,Fighting,Warner Bros. Interactive Entertainment,0.47,0.18,0.0,0.12,0.76
66,9076,.hack//Link,PSP,2010.0,Role-Playing,Namco Bandai Games,0.0,0.0,0.14,0.0,0.14
67,2125,Madden NFL 16,X360,2015.0,Sports,Electronic Arts,0.82,0.05,0.0,0.1,0.98
68,2506,James Bond 007: Nightfire,XB,2002.0,Shooter,Electronic Arts,0.58,0.22,0.0,0.03,0.82
69,16023,Uppers,PSV,2016.0,Action,Marvelous Entertainment,0.0,0.0,0.01,0.0,0.01
70,7231,Age of Empires: Mythologies,DS,2008.0,Strategy,THQ,0.17,0.03,0.0,0.02,0.22
71,12212,Pandemonium 2,PS,1997.0,Platform,BMG Interactive Entertainment,0.04,0.02,0.0,0.0,0.07
72,8919,Major League Baseball 2K8,PS2,2008.0,Sports,Bethesda Softworks,0.07,0.06,0.0,0.02,0.15
73,2545,Valkyrie Profile,PS,1999.0,Role-Playing,Enix Corporation,0.07,0.05,0.63,0.05,0.81
74,5141,Dishonored,PS4,2015.0,Action,Bethesda Softworks,0.11,0.18,0.02,0.06,0.37
75,1373,Madden NFL 15,PS3,2014.0,Sports,Electronic Arts,1.07,0.15,0.0,0.19,1.41
76,891,Tetris DX,GB,1998.0,Puzzle,Nintendo,1.06,0.6,0.2,0.07,1.93
77,11510,Akiba's Trip Plus,PSP,2012.0,Adventure,Acquire,0.0,0.0,0.08,0.0,0.08
78,5885,Hard Hitter Tennis,PS2,2001.0,Sports,Midas Interactive Entertainment,0.15,0.11,0.0,0.04,0.3
79,12873,Front Mission Evolved,PC,2010.0,Shooter,Square Enix,0.05,0.0,0.0,0.0,0.05
80,14792,NHL 07,XB,2006.0,Sports,Electronic Arts,0.02,0.01,0.0,0.0,0.03
81,2205,Castlevania: Lament of Innocence,PS2,2003.0,Action,Konami Digital Entertainment,0.46,0.36,0.0,0.12,0.94
82,9946,Makai Shin Trillion,PSV,2014.0,Role-Playing,Idea Factory,0.02,0.02,0.06,0.01,0.12
83,10635,Aquapazza: Aquaplus Dream Match,PS3,2012.0,Fighting,Aqua Plus,0.05,0.0,0.05,0.01,0.1
84,153,Tekken 2,PS,1996.0,Fighting,Sony Computer Entertainment,2.26,1.89,1.36,0.23,5.74
85,9264,Alone in the Dark: Inferno,PS3,2008.0,Adventure,Atari,0.09,0.03,0.0,0.02,0.14
86,11921,Monster Rancher Battle Card: Episode II,PS,2000.0,Action,Tecmo Koei,0.04,0.03,0.0,0.0,0.07
87,15356,Demolition Company: Gold Edition,PC,2011.0,Simulation,,0.0,0.02,0.0,0.0,0.02
88,10568,Cabela's Adventure Camp,X360,2011.0,Misc,Activision,0.07,0.02,0.0,0.01,0.1
89,705,Borderlands 2,PS3,2012.0,Shooter,Take-Two Interactive,1.05,0.77,0.1,0.36,2.28
90,1014,Dance Dance Revolution X,PS2,2008.0,Simulation,Konami Digital Entertainment,0.85,0.66,0.01,0.22,1.75
91,7935,Doctor Who: Return to Earth,Wii,2010.0,Adventure,Asylum Entertainment,0.0,0.16,0.0,0.02,0.19
92,4653,Jimmy Neutron: Boy Genius,GBA,2001.0,Platform,THQ,0.3,0.11,0.0,0.01,0.42
93,15322,Wakeboarding Unleashed Featuring Shaun Murray,GBA,2003.0,Sports,Aspyr,0.01,0.01,0.0,0.0,0.02
94,6788,Gallop Racer (JP),PS,1996.0,Sports,Tecmo Koei,0.04,0.03,0.16,0.02,0.24
95,4966,Hooked! Again: Real Motion Fishing,Wii,2009.0,Sports,505 Games,0.36,0.0,0.0,0.03,0.39
96,2912,NCAA Football 08,X360,2007.0,Sports,Electronic Arts,0.65,0.0,0.0,0.05,0.7
97,3779,Jampack Vol. 2,PS,1996.0,Misc,Sony Computer Entertainment,0.3,0.2,0.0,0.03,0.53
98,3385,Hot Wheels: Stunt Track Challenge,PS2,2004.0,Racing,THQ,0.29,0.23,0.0,0.08,0.59
99,7161,Time Crisis: Crisis Zone,PS2,2004.0,Shooter,Namco Bandai Games,0.11,0.09,0.0,0.03,0.22
100,630,Final Fantasy V,SNES,1992.0,Role-Playing,SquareSoft,0.0,0.0,2.43,0.02,2.45
101,5653,Tetris 2 + Bombliss,NES,1991.0,Puzzle,BPS,0.0,0.0,0.32,0.0,0.32
102,11661,"Ni Hao, Kai-lan: Super Game Day",PS2,2009.0,Misc,Take-Two Interactive,0.04,0.03,0.0,0.01,0.08
103,5515,Disgaea 2: Cursed Memories,PS2,2006.0,Role-Playing,Tecmo Koei,0.09,0.07,0.15,0.02,0.33
104,7009,Sword Art Online: Lost Song,PS4,2015.0,Role-Playing,Namco Bandai Games,0.09,0.1,0.0,0.04,0.23
105,5661,Riven: The Sequel to Myst,PS,1997.0,Adventure,Acclaim Entertainment,0.18,0.12,0.0,0.02,0.32
106,1118,Tom Clancy's Rainbow Six,PS,1999.0,Shooter,Red Storm Entertainment,0.93,0.63,0.0,0.08,1.64
107,7605,Speed Punks,PS,1998.0,Racing,Sony Computer Entertainment,0.11,0.08,0.0,0.01,0.2
108,699,Pro Evolution Soccer 2010,PS3,2009.0,Sports,Konami Digital Entertainment,0.3,1.27,0.46,0.26,2.28
109,14345,Dodge Racing: Charger vs Challenger,DS,2009.0,Racing,Zushi Games,0.03,0.0,0.0,0.0,0.03
110,2613,Star Ocean: The Last Hope,X360,2009.0,Role-Playing,Square Enix,0.32,0.2,0.21,0.06,0.79
111,7167,Skies of Arcadia Legends,GC,2002.0,Role-Playing,Atari,0.17,0.04,0.0,0.01,0.22
112,15766,Divinity: Original Sin,PC,2014.0,Role-Playing,Focus Home Interactive,0.0,0.02,0.0,0.0,0.02
113,7641,Schlag den Raab,Wii,2010.0,Misc,Namco Bandai Games,0.0,0.17,0.0,0.03,0.2
114,15896,Hiiro no Kakera Portable,PSP,2008.0,Adventure,Idea Factory,0.0,0.0,0.02,0.0,0.02
115,3685,American Idol,PS2,2003.0,Misc,Codemasters,0.27,0.21,0.0,0.07,0.55
116,3387,London 2012: The Official Video Game of the Olympic Games,X360,2012.0,Sports,Sega,0.07,0.46,0.0,0.07,0.59
117,3253,Pro Evolution Soccer 2015,PS3,2014.0,Sports,Konami Digital Entertainment,0.1,0.23,0.22,0.08,0.62
118,1064,Dragon Age: Origins,PS3,2009.0,Role-Playing,Electronic Arts,0.96,0.44,0.08,0.22,1.69
119,16014,Tom Clancy's  Ghost Recon Advanced Warfighter (weekly JP sales),X360,2006.0,Shooter,Ubisoft,0.0,0.0,0.01,0.0,0.01
120,1819,Moon Patrol,2600,1982.0,Shooter,Atari,1.05,0.06,0.0,0.01,1.12
121,5818,RPG Tsukuru 2,SNES,1996.0,Role-Playing,ASCII Entertainment,0.0,0.0,0.31,0.0,0.31
122,14031,True Pinball,PS,1996.0,Misc,Ocean,0.02,0.01,0.0,0.0,0.04
123,5340,Street Fighter Alpha: Warriors' Dreams,SAT,1996.0,Fighting,Capcom,0.0,0.0,0.35,0.0,0.35
124,14570,Oumagatoki: Kaidan Romance,PSP,2012.0,Action,Quinrose,0.0,0.0,0.03,0.0,0.03
125,2043,Bayonetta 2,WiiU,2014.0,Action,Nintendo,0.34,0.28,0.1,0.3,1.01
126,9492,Rally Fusion: Race of Champions,PS2,2002.0,Racing,Activision,0.06,0.05,0.0,0.02,0.13
127,12209,Karaoke Revolution Party,XB,2005.0,Misc,Konami Digital Entertainment,0.05,0.01,0.0,0.0,0.07
128,15091,RayCrisis: Series Termination,PS,1999.0,Shooter,JVC,0.01,0.01,0.0,0.0,0.02
129,3008,100 Classic Books,DS,2008.0,Misc,Nintendo,0.13,0.52,0.0,0.02,0.67
130,10029,Every Extend Extra,PSP,2006.0,Shooter,Disney Interactive Studios,0.1,0.01,0.0,0.01,0.11
131,8676,Arcade Zone,Wii,2009.0,Misc,Activision,0.14,0.0,0.0,0.01,0.16
132,10432,Derby Stallion P,PSP,2006.0,Sports,Enterbrain,0.0,0.0,0.1,0.0,0.1
133,16182,Sega Golf Club: Miyazato San Kyoudai Naizou,PS3,2006.0,Sports,Sega,0.0,0.0,0.01,0.0,0.01
134,4061,One Piece: Grand Battle!,PS,2001.0,Fighting,Atari,0.0,0.0,0.46,0.03,0.49
135,6168,Hannah Montana: Spotlight World Tour,PS2,2008.0,Action,Disney Interactive Studios,0.12,0.02,0.0,0.14,0.28
136,7899,Phantasy Star Universe,PS2,2006.0,Role-Playing,Sega,0.0,0.0,0.19,0.0,0.19
137,15931,Nurarihyon no Mago: Hyakki Ryouran Taisen,PS3,2011.0,Fighting,Konami Digital Entertainment,0.0,0.0,0.02,0.0,0.02
138,16465,Outdoors Unleashed: Alaska 3D,3DS,2011.0,Sports,Mastiff,0.01,0.0,0.0,0.0,0.01
139,12470,Grey's Anatomy: The Video Game,Wii,2009.0,Adventure,Ubisoft,0.05,0.01,0.0,0.0,0.06
140,10472,Who Wants to Be a Millionaire: 3rd Edition,Wii,2010.0,Misc,Ubisoft,0.1,0.0,0.0,0.01,0.1
141,16574,Grisaia no Kajitsu: La Fruit de la Grisaia,PSP,2013.0,Adventure,Prototype,0.0,0.0,0.01,0.0,0.01
142,13018,TNA iMPACT: Cross the Line,PSP,2010.0,Fighting,SouthPeak Games,0.05,0.0,0.0,0.0,0.05
143,14941,Stake: Fortune Fighters,XB,2003.0,Fighting,Metro 3D,0.02,0.01,0.0,0.0,0.02
144,9650,Power Pro Kun Pocket 13,DS,2010.0,Sports,Konami Digital Entertainment,0.0,0.0,0.13,0.0,0.13
145,14190,Crimson Tears,PS2,2004.0,Role-Playing,Capcom,0.02,0.01,0.0,0.0,0.03
146,9261,Marvel vs. Capcom 2: New Age of Heroes,XB,2002.0,Fighting,Capcom,0.09,0.03,0.01,0.0,0.14
147,2211,SaGa Frontier 2,PS,1999.0,Role-Playing,SquareSoft,0.1,0.07,0.71,0.06,0.94
148,4911,Dancing with the Stars: We Dance!,DS,2008.0,Misc,Activision,0.36,0.0,0.0,0.03,0.39
149,10596,Blue Dragon: Awakened Shadow,DS,2009.0,Role-Playing,Namco Bandai Games,0.06,0.0,0.03,0.0,0.1
150,2365,NBA 2K6,PS2,2005.0,Action,Take-Two Interactive,0.43,0.34,0.0,0.11,0.88
151,9303,Kororinpa: Marble Mania,Wii,2006.0,Puzzle,Nintendo,0.08,0.02,0.03,0.01,0.14
152,12657,The Saboteur,PC,2009.0,Action,Electronic Arts,0.0,0.05,0.0,0.01,0.06
153,16355,Juiced 2: Hot Import Nights,PC,2007.0,Racing,THQ,0.0,0.01,0.0,0.0,0.01
154,13955,Warriors Orochi 3,XOne,2014.0,Action,Tecmo Koei,0.01,0.03,0.0,0.0,0.04
155,7108,Valhalla Knights 2,PSP,2008.0,Role-Playing,Rising Star Games,0.09,0.0,0.12,0.01,0.23
156,6022,FIFA Soccer 13,3DS,2012.0,Action,Electronic Arts,0.06,0.2,0.0,0.03,0.29
157,11102,Momu-chan Diet Wii: Figurobics by Chon Dayon,Wii,2010.0,Misc,Hudson Soft,0.0,0.0,0.09,0.0,0.09
158,12292,XGRA: Extreme G Racing Association,PS2,2003.0,Racing,Acclaim Entertainment,0.03,0.02,0.0,0.01,0.06
159,2795,The Sims 2: Castaway,DS,2007.0,Simulation,Electronic Arts,0.63,0.05,0.0,0.06,0.73
160,13209,Super Bust-A-Move,GBA,2001.0,Puzzle,Ubisoft,0.03,0.01,0.0,0.0,0.05
161,451,Dragon Ball Z: Budokai,PS2,2002.0,Fighting,Atari,2.17,0.28,0.55,0.08,3.09
162,5248,Frogs And Flies,2600,1981.0,Action,Mattel Interactive,0.33,0.02,0.0,0.0,0.36
163,9538,Namco Soccer Prime Goal,PS,1995.0,Sports,Sony Computer Entertainment,0.0,0.0,0.12,0.01,0.13
164,1266,Rock Band 2,PS3,2008.0,Misc,MTV Games,1.13,0.2,0.0,0.16,1.5
165,7856,Sudeki,XB,2004.0,Role-Playing,Microsoft Game Studios,0.14,0.04,0.0,0.01,0.19
166,11133,Ikaruga,GC,2003.0,Shooter,Atari,0.07,0.02,0.0,0.0,0.09
167,2160,Star Soldier,NES,1986.0,Shooter,Hudson Soft,0.32,0.06,0.57,0.01,0.96
168,7446,NCAA Football 2003,GC,2002.0,Sports,Electronic Arts,0.16,0.04,0.0,0.01,0.21
169,1045,Deal or No Deal,DS,2007.0,Misc,Mindscape,1.15,0.41,0.0,0.15,1.71
170,3661,Barbie Horse Adventures: Riding Camp,DS,2008.0,Sports,Activision,0.51,0.0,0.0,0.04,0.55
171,7090,pro evolution soccer 2011,Wii,2010.0,Sports,Konami Digital Entertainment,0.08,0.1,0.03,0.02,0.23
172,13903,Tokumei Sentai Go-Busters,DS,2012.0,Action,Namco Bandai Games,0.0,0.0,0.04,0.0,0.04
173,9142,Gretzky NHL 06,PS2,2005.0,Sports,Sony Computer Entertainment,0.07,0.05,0.0,0.02,0.14
174,7983,La Pucelle: Tactics,PS2,2002.0,Role-Playing,Tecmo Koei,0.09,0.07,0.0,0.02,0.19
175,4580,Medal of Honor: Rising Sun,GC,2003.0,Shooter,Electronic Arts,0.33,0.09,0.0,0.01,0.42
176,14795,AMNESIA World,PSV,2014.0,Adventure,Idea Factory,0.0,0.0,0.03,0.0,0.03
177,10285,Digimon Story: Cyber Sleuth,PS4,2016.0,Role-Playing,Namco Bandai Games,0.0,0.09,0.0,0.02,0.11
178,16148,Mystery Legends: Beauty and the Beast,PC,2012.0,Puzzle,Focus Multimedia,0.0,0.01,0.0,0.0,0.01
179,6643,A. IV Evolution: A Ressha de Ikou 4,PS,1994.0,Strategy,ArtDink,0.0,0.0,0.24,0.02,0.25
180,2097,Scooby-Doo! First Frights,Wii,2009.0,Action,Warner Bros. Interactive Entertainment,0.88,0.05,0.0,0.07,0.99
181,6173,Remington Super Slam Hunting: Africa,Wii,2010.0,Sports,Mastiff,0.27,0.0,0.0,0.02,0.28
182,9350,Hisshou Pachinko*Pachi-Slot Kouryaku Series Vol. 1: CR Shinseiki Evangelion,PS2,2005.0,Misc,D3Publisher,0.0,0.0,0.13,0.0,0.13
183,5630,Prince of Persia: The Sands of Time,GC,2003.0,Action,Ubisoft,0.25,0.06,0.0,0.01,0.32
184,15932,Minna to Issho,PSV,2011.0,Misc,Sony Computer Entertainment,0.0,0.0,0.02,0.0,0.02
185,8420,Blood Bowl,X360,2009.0,Sports,Focus Home Interactive,0.13,0.03,0.0,0.01,0.17
186,9343,MLB Power Pros 2008,Wii,2008.0,Sports,Konami Digital Entertainment,0.12,0.0,0.01,0.01,0.13
187,6558,Peter Jackson's King Kong: The Official Game of the Movie,X360,2005.0,Action,Ubisoft,0.2,0.03,0.0,0.02,0.26
188,12149,Ragnarok: Hikari to Yami no Koujo,PSP,2011.0,Role-Playing,GungHo,0.02,0.0,0.05,0.0,0.07
189,3009,Unreal Tournament III,PS3,2007.0,Shooter,Midway Games,0.33,0.24,0.0,0.11,0.67
190,710,Kirby: Nightmare in Dream Land,GBA,2002.0,Platform,Nintendo,1.22,0.1,0.91,0.04,2.27
191,14940,The Idolmaster: Gravure For You! Vol.7,PS3,2012.0,Action,Namco Bandai Games,0.0,0.0,0.02,0.0,0.02
192,6221,Sesame Street: Cookie's Counting Carnival,DS,2010.0,Misc,Warner Bros. Interactive Entertainment,0.26,0.0,0.0,0.02,0.28
193,8692,Infected,PSP,2005.0,Shooter,THQ,0.14,0.0,0.0,0.01,0.16
194,15194,Serious Sam: Next Encounter,GC,2004.0,Shooter,Global Star,0.02,0.0,0.0,0.0,0.02
195,2068,UFC Undisputed 3,X360,2012.0,Action,THQ,0.72,0.21,0.0,0.07,1.0
196,3271,Bass Landing,PS,1999.0,Sports,ASCII Entertainment,0.21,0.14,0.23,0.04,0.62
197,3524,Tomb Raider: Anniversary,PSP,2007.0,Action,Eidos Interactive,0.21,0.23,0.0,0.13,0.57
198,8346,Time and Eternity,PS3,2012.0,Role-Playing,Nippon Ichi Software,0.06,0.03,0.06,0.02,0.17
199,10472,Who Wants to Be a Millionaire: 3rd Edition,Wii,2010.0,Misc,Ubisoft,0.1,0.0,0.0,0.01,0.1
200,4212,NHL 15,X360,2014.0,Sports,Electronic Arts,0.35,0.07,0.0,0.04,0.47
201,3726,Dragon Quest Characters: Torneko no Daibouken 3: Fushigi no Dungeon,PS2,2002.0,Role-Playing,Enix Corporation,0.0,0.0,0.54,0.0,0.54
202,4020,Cars Mater-National Championship,Wii,2007.0,Racing,THQ,0.46,0.0,0.0,0.04,0.49
203,4611,Star Wars Trilogy: Apprentice of the Force,GBA,2004.0,Action,Ubisoft,0.3,0.11,0.0,0.01,0.42
204,6356,Stuntman: Ignition,PS2,2007.0,Racing,THQ,0.13,0.1,0.0,0.03,0.27
205,12244,Walt Disney Pictures Presents Enchanted,DS,2007.0,Platform,Disney Interactive Studios,0.04,0.01,0.0,0.01,0.07
206,8644,Racing Lagoon,PS,1999.0,Racing,Square,0.0,0.0,0.15,0.01,0.16
207,4370,FIFA 15,3DS,2014.0,Sports,Electronic Arts,0.09,0.33,0.0,0.03,0.45
208,11625,Deep Fear,SAT,1998.0,Adventure,Sega,0.0,0.0,0.08,0.0,0.08
209,7411,Brunswick Pro Bowling,PSP,2007.0,Sports,505 Games,0.19,0.0,0.0,0.02,0.21
210,6974,LEGO Marvel's Avengers,PSV,2016.0,Action,Warner Bros. Interactive Entertainment,0.07,0.11,0.0,0.05,0.23
211,12153,Imagine: Gymnast,DS,2008.0,Simulation,Ubisoft,0.05,0.01,0.0,0.0,0.07
212,11348,America's Next Top Model,Wii,2010.0,Action,Crave Entertainment,0.08,0.0,0.0,0.01,0.08
213,11320,Bomberman Jetters,GC,2002.0,Puzzle,Hudson Soft,0.06,0.02,0.0,0.0,0.08
214,3105,Wall-E,PSP,2008.0,Platform,THQ,0.29,0.22,0.0,0.14,0.65
215,5000,The Cat in the Hat,GBA,2005.0,Platform,Jack of All Games,0.27,0.1,0.0,0.01,0.38
216,9183,Desire,SAT,1997.0,Adventure,Imadio,0.0,0.0,0.14,0.0,0.14
217,8214,Army Men: Sarge's Heroes 2,PS2,2001.0,Shooter,Midas Interactive Entertainment,0.09,0.07,0.0,0.02,0.17
218,9026,Haunted House,Wii,2010.0,Action,Atari,0.13,0.0,0.0,0.01,0.14
219,1912,Spore Creatures,DS,2008.0,Simulation,Electronic Arts,0.67,0.3,0.0,0.11,1.08
220,11266,Natural Doctrine,PSV,2014.0,Role-Playing,Nippon Ichi Software,0.03,0.02,0.03,0.01,0.08
221,1274,Buzz! The BIG Quiz,PS2,2006.0,Misc,Sony Computer Entertainment,0.0,1.1,0.0,0.39,1.49
222,3160,Rayman 2: The Great Escape,N64,1999.0,Platform,Ubisoft,0.4,0.22,0.0,0.02,0.64
223,14739,Dragon Tamer: Sound Spirit,DS,2007.0,Role-Playing,Namco Bandai Games,0.0,0.0,0.03,0.0,0.03
224,15735,Elkrone no Atelier: Dear for Otomate,PSP,2012.0,Action,Idea Factory,0.0,0.0,0.02,0.0,0.02
225,2511,Star Wars The Clone Wars: Republic Heroes,Wii,2009.0,Action,LucasArts,0.44,0.3,0.0,0.08,0.82
226,3757,Star Wars Battlefront (2015),PC,2015.0,Shooter,Electronic Arts,0.13,0.37,0.0,0.04,0.54
227,6557,Avatar: The Last Airbender - The Burning Earth,Wii,2007.0,Action,THQ,0.24,0.0,0.0,0.02,0.26
228,12756,Fate/Stay Night [Réalta Nua],PSV,2012.0,Adventure,Kadokawa Shoten,0.0,0.0,0.06,0.0,0.06
229,5149,Shin Megami Tensei II,SNES,1994.0,Role-Playing,Atlus,0.0,0.0,0.37,0.0,0.37
230,12598,I Am In The Movie,PSP,2012.0,Simulation,Namco Bandai Games,0.0,0.0,0.06,0.0,0.06
231,1411,Gardening Mama,DS,2009.0,Puzzle,505 Games,0.8,0.43,0.01,0.13,1.38
232,12330,Steambot Chronicles: Battle Tournament,PSP,2008.0,Fighting,Irem Software Engineering,0.05,0.0,0.01,0.0,0.06
233,1032,Crash Bandicoot: The Huge Adventure,GBA,2002.0,Platform,Universal Interactive,0.95,0.7,0.0,0.08,1.73
234,2883,Power Rangers: Dino Thunder,PS2,2004.0,Action,THQ,0.35,0.27,0.0,0.09,0.71
235,11124,Test Drive: Eve of Destruction,XB,2004.0,Racing,Atari,0.07,0.02,0.0,0.0,0.09
236,14070,Crazy Machines,DS,2008.0,Puzzle,DTP Entertainment,0.0,0.03,0.0,0.0,0.04
237,3504,NCAA Football 10,PS2,2009.0,Sports,Electronic Arts,0.28,0.22,0.0,0.07,0.58
238,9421,Tomb Raider: Legend,XB,2006.0,Action,Eidos Interactive,0.1,0.03,0.0,0.0,0.13
239,13763,Imabikisou,PS3,2007.0,Adventure,Sega,0.0,0.0,0.04,0.0,0.04
240,10453,Banjo-Pilot,GBA,2005.0,Racing,THQ,0.07,0.03,0.0,0.0,0.1
241,12593,Summon Night 6: Lost Borders,PSV,2016.0,Action,Namco Bandai Games,0.0,0.0,0.06,0.0,0.06
242,453,World Class Track Meet,NES,1986.0,Sports,Namco Bandai Games,1.92,0.45,0.64,0.07,3.08
243,3735,Cars 2,PS3,2011.0,Racing,Disney Interactive Studios,0.22,0.23,0.0,0.09,0.54
244,4626,Jikkyou Powerful Pro Yakyuu 6,N64,1999.0,Sports,Konami Digital Entertainment,0.0,0.0,0.39,0.03,0.42
245,11234,Sega Bass Fishing,DC,1999.0,Sports,Sega,0.0,0.0,0.09,0.0,0.09
246,13812,Gummy Bears Mini Golf,Wii,2010.0,Sports,Unknown,0.04,0.0,0.0,0.0,0.04
247,5866,Zoo Tycoon 2 DS,DS,2008.0,Strategy,THQ,0.24,0.03,0.0,0.02,0.3
248,16288,Root Double: Before Crime After Days,X360,2012.0,Action,Yeti,0.0,0.0,0.01,0.0,0.01
249,9729,Final Fantasy XIV: Heavensward,PS4,2015.0,Action,Square Enix,0.0,0.05,0.06,0.01,0.12
250,7778,Dream Salon,DS,2009.0,Misc,Zoo Digital Publishing,0.18,0.0,0.0,0.01,0.19
251,2478,Time Crisis 4,PS3,2007.0,Shooter,Namco Bandai Games,0.32,0.33,0.05,0.14,0.84
252,419,Madden NFL 16,PS4,2015.0,Sports,Electronic Arts,2.33,0.3,0.0,0.59,3.22
253,6368,Major League Baseball 2K10,Wii,2010.0,Sports,Take-Two Interactive,0.25,0.0,0.0,0.02,0.27
254,13376,Black Mirror 2,PC,2009.0,Adventure,DTP Entertainment,0.0,0.04,0.0,0.01,0.05
255,2386,Need for Speed: V-Rally,PS,1997.0,Racing,Infogrames,0.43,0.29,0.09,0.06,0.87
256,14763,The Golf Club,XOne,2014.0,Sports,Unknown,0.02,0.0,0.0,0.0,0.03
257,1894,Sonic Free Riders,X360,2010.0,Racing,Sega,0.74,0.26,0.0,0.09,1.09
258,14141,World Series of Poker: Tournament of Champions 2007 Edition,PS2,2006.0,Misc,Activision,0.02,0.01,0.0,0.0,0.03
259,8161,Charlie and the Chocolate Factory,GC,2005.0,Adventure,Global Star,0.14,0.04,0.0,0.0,0.18
260,6044,Nicktoons: Battle for Volcano Island,GC,1234,Action,Unknown,0.22,0.06,0.0,0.01,0.29
261,7759,Parlor! Mini 4,SNES,1996.0,Misc,Nippon Telenet,0.0,0.0,0.19,0.0,0.19
262,15546,Poyo Poyo Kansatsu Nikki,3DS,2012.0,Action,IE Institute,0.0,0.0,0.02,0.0,0.02
263,10170,Shin Kamaitachi no Yoru: 11 Hitome no Suspect,PS3,2011.0,Adventure,THQ,0.0,0.0,0.11,0.0,0.11
264,6564,Dora the Explorer: Game Boy Advance Video Volume 1,GBA,2004.0,Misc,,0.18,0.07,0.0,0.0,0.26
265,5207,Mystical Ninja starring Goemon,N64,1997.0,Action,Konami Digital Entertainment,0.07,0.02,0.23,0.04,0.36
266,15681,50 Classic Games,3DS,2012.0,Misc,Avanquest Software,0.0,0.02,0.0,0.0,0.02
267,14016,San Goku Shi DS 3,DS,2010.0,Strategy,Tecmo Koei,0.0,0.0,0.04,0.0,0.04
268,12387,A llI S.V.: A Ressha de Gyoukou 3 Super Version,SNES,1995.0,Simulation,Pack-In-Video,0.0,0.0,0.06,0.0,0.06
269,1962,Virtua Tennis 3,PS3,2007.0,Sports,Sega,0.23,0.59,0.03,0.22,1.06
270,15780,Worms World Party,PC,2001.0,Strategy,Virgin Interactive,0.0,0.01,0.0,0.0,0.02
271,7020,NCAA GameBreaker 2003,PS2,2002.0,Sports,Sony Computer Entertainment,0.11,0.09,0.0,0.03,0.23
272,10163,Mobile Suit Gundam: MS Sensen 0079,Wii,2007.0,Simulation,Namco Bandai Games,0.0,0.0,0.11,0.0,0.11
273,9486,Rango: The Video Game,X360,2011.0,Action,Electronic Arts,0.06,0.06,0.0,0.01,0.13
274,7515,Backyard NFL Football 2006,PS2,2005.0,Sports,Atari,0.1,0.08,0.0,0.03,0.2
275,14612,Attack on Titan (KOEI),XOne,2016.0,Action,Tecmo Koei,0.01,0.01,0.0,0.0,0.03
276,4817,Samurai Shodown,SNES,1994.0,Fighting,Takara,0.0,0.0,0.4,0.0,0.4
277,3502,Ratchet & Clank: Quest for Booty,PS3,2008.0,Platform,Sony Computer Entertainment,0.0,0.53,0.0,0.04,0.58
278,5571,Shin Nippon Pro Wrestling: Toukon Retsuden,PS,1995.0,Fighting,Tomy Corporation,0.0,0.0,0.3,0.02,0.33
279,16137,Kikiite Hajimaru: Eigo Kaiwa Training - KikiTore,DS,2008.0,Misc,Benesse,0.0,0.0,0.01,0.0,0.01
280,13613,FIFA Soccer 2003 (weekly jp sales),PS2,2002.0,Sports,Electronic Arts,0.0,0.0,0.04,0.0,0.04
281,16166,Deus Ex,PC,2000.0,Role-Playing,Eidos Interactive,0.0,0.01,0.0,0.0,0.01
282,4687,pro evolution soccer 2011,PS2,2010.0,Sports,Konami Digital Entertainment,0.04,0.21,0.05,0.11,0.41
283,1917,Naruto: Ultimate Ninja Storm,PS3,2008.0,Fighting,Namco Bandai Games,0.49,0.35,0.09,0.16,1.08
284,10483,Etrian Odyssey II: Heroes of Lagaard,3DS,2014.0,Role-Playing,Atlus,0.0,0.0,0.1,0.0,0.1
285,549,Metroid,NES,1986.0,Action,Nintendo,1.33,0.31,1.04,0.05,2.73
286,14332,Battle vs. Chess,X360,2011.0,Misc,TopWare Interactive,0.0,0.03,0.0,0.0,0.03
287,12288,Ikki Tousen: Xross Impact,PSP,2010.0,Action,Marvelous Interactive,0.0,0.0,0.06,0.0,0.06
288,16438,Getsuei Gakuen: kou,PSV,2013.0,Adventure,Arc System Works,0.0,0.0,0.01,0.0,0.01
289,13125,Steins;Gate 0,PS4,2015.0,Adventure,PQube,0.0,0.0,0.05,0.0,0.05
290,13794,Durarara!! 3way Standoff: Alley,PSP,2011.0,Adventure,Kadokawa Shoten,0.0,0.0,0.04,0.0,0.04
291,4582,Guitar Hero: Smash Hits,X360,2009.0,Misc,Activision,0.23,0.15,0.0,0.04,0.42
292,3837,Syphon Filter 3,PS,2001.0,Shooter,Sony Computer Entertainment,0.29,0.2,0.0,0.03,0.52
293,8159,Twisted Metal: Small Brawl,PS,1234,Action,Unknown,0.1,0.07,0.0,0.01,0.18
294,7379,Rayman Raving Rabbids,X360,2007.0,Misc,Ubisoft,0.18,0.01,0.0,0.02,0.21
295,5604,Dragon Quest Monsters 1·2,PS,2002.0,Role-Playing,Enix Corporation,0.0,0.0,0.3,0.02,0.32
296,3601,Hamtaro: Ham-Hams Unite!,GB,2001.0,Role-Playing,Nintendo,0.0,0.0,0.56,0.0,0.56
297,6869,Paperboy,N64,1999.0,Action,Midway Games,0.19,0.05,0.0,0.0,0.24
298,13009,Prism: Light the Way,DS,2007.0,Puzzle,Eidos Interactive,0.05,0.0,0.0,0.0,0.05
299,4106,Pinball Hall of Fame: The Williams Collection,Wii,2008.0,Misc,System 3 Arcade Software,0.42,0.03,0.0,0.04,0.48
300,7489,Bugs Bunny & Taz: Time Busters,PS,2000.0,Adventure,Infogrames,0.11,0.08,0.0,0.01,0.21
301,3786,SingStar Dance,PS3,2010.0,Misc,Sony Computer Entertainment,0.09,0.32,0.0,0.12,0.53
302,2738,DJ Hero 2,PS3,2010.0,Misc,Activision,0.47,0.19,0.0,0.09,0.75
303,13346,Wonder World Amusement Park,Wii,2008.0,Misc,Majesco Entertainment,0.04,0.0,0.0,0.0,0.05
304,4370,FIFA 15,3DS,2014.0,Sports,Electronic Arts,0.09,0.33,0.0,0.03,0.45
305,3817,Picross 3D,DS,2009.0,Puzzle,Nintendo,0.3,0.03,0.16,0.03,0.53
306,3748,Lego Star Wars: The Force Awakens,PS4,2016.0,Action,Warner Bros. Interactive Entertainment,0.14,0.32,0.0,0.08,0.54
307,6592,Backyard NFL Football,GC,2002.0,Sports,Infogrames,0.2,0.05,0.0,0.01,0.26
308,3872,Omega Boost,PS,1999.0,Shooter,Sony Computer Entertainment,0.17,0.11,0.2,0.03,0.52
309,76,The Elder Scrolls V: Skyrim,X360,2011.0,Role-Playing,Bethesda Softworks,5.03,2.86,0.1,0.85,8.84
310,1588,Tom Clancy's Rainbow Six: Vegas,PS3,2007.0,Shooter,Ubisoft,0.47,0.53,0.03,0.22,1.25
311,6050,Operation Flashpoint: Red River,X360,2011.0,Shooter,Codemasters,0.1,0.15,0.01,0.03,0.29
312,5721,The Incredible Hulk,Wii,2008.0,Action,Sega,0.28,0.01,0.0,0.02,0.31
313,12166,Future Card Buddy Fight: Yuujou no Bakunetsu Fight,3DS,2015.0,Action,FuRyu,0.0,0.0,0.07,0.0,0.07
314,644,Minecraft,XOne,2014.0,Misc,Microsoft Game Studios,1.43,0.76,0.0,0.22,2.41
315,4043,Mario & Wario,SNES,1993.0,Puzzle,Nintendo,0.0,0.0,0.49,0.0,0.49
316,14629,Calcio Bit,GBA,2006.0,Sports,Nintendo,0.0,0.0,0.03,0.0,0.03
317,6662,Just Dance Kids 2,PS3,2011.0,Misc,Ubisoft,0.1,0.1,0.0,0.04,0.25
318,12181,Dungeon Maker II: The Hidden War,PSP,2007.0,Role-Playing,Global A Entertainment,0.06,0.0,0.0,0.01,0.07
319,10452,Pro Yakyuu Famista DS 2009,DS,2009.0,Sports,Namco Bandai Games,0.0,0.0,0.1,0.0,0.1
320,2910,The Sims 2: Apartment Pets,DS,2008.0,Simulation,Electronic Arts,0.32,0.31,0.0,0.07,0.7
321,16228,Soshite Kono Uchuu ni Kirameku Kimi no Shi XXX,PS2,2007.0,Adventure,Datam Polystar,0.0,0.0,0.01,0.0,0.01
322,10974,Total Overdose: A Gunslinger's Tale in Mexico,PS2,2005.0,Shooter,Eidos Interactive,0.04,0.04,0.0,0.01,0.09
323,3776,Gex 3: Deep Cover Gecko,PS,1999.0,Platform,Eidos Interactive,0.3,0.2,0.0,0.03,0.53
324,16536,Metal Gear Solid HD Edition,X360,2011.0,Action,Konami Digital Entertainment,0.0,0.0,0.01,0.0,0.01
325,12794,Gunbird,SAT,1995.0,Shooter,Atlus,0.0,0.0,0.06,0.0,0.06
326,7645,Mat Hoffman's Pro BMX 2,XB,2002.0,Sports,Activision,0.15,0.04,0.0,0.01,0.2
327,8431,25 to Life,XB,2006.0,Shooter,Eidos Interactive,0.12,0.04,0.0,0.01,0.17
328,6726,Yakuza Zero: The Place of Oath,PS3,2015.0,Action,Sega,0.0,0.0,0.25,0.0,0.25
329,4948,Marvel: Ultimate Alliance,PS3,2006.0,Role-Playing,Activision,0.33,0.02,0.0,0.04,0.39
330,7664,Teenage Mutant Ninja Turtles 3: Mutant Nightmare,PS2,2005.0,Action,Konami Digital Entertainment,0.1,0.08,0.0,0.03,0.2
331,11002,Road Trip,PS2,2002.0,Racing,Play It,0.04,0.03,0.0,0.01,0.09
332,11032,Astro Boy: Omega Factor,GBA,2003.0,Action,THQ,0.06,0.02,0.0,0.0,0.09
333,1216,Disney Fairies: Tinker Bell,DS,2008.0,Adventure,Disney Interactive Studios,0.86,0.52,0.01,0.15,1.54
334,16449,Junjou Romanchika: Koi no Doki Doki Daisakusen,PS2,2008.0,Adventure,Marvelous Interactive,0.0,0.0,0.01,0.0,0.01
335,7728,Shutter Island,PC,2009.0,Adventure,Merscom LLC,0.0,0.17,0.0,0.03,0.2
336,16170,Order Up!!,3DS,2011.0,Action,Funbox Media,0.0,0.01,0.0,0.0,0.01
337,4069,Bass Pro Shops: The Strike,Wii,2009.0,Sports,XS Games,0.45,0.0,0.0,0.03,0.49
338,244,Uncharted: The Nathan Drake Collection,PS4,2015.0,Action,Sony Computer Entertainment,1.96,1.69,0.08,0.74,4.47
339,13037,Ontamarama,DS,2007.0,Action,Atlus,0.05,0.0,0.0,0.0,0.05
340,7132,3rd Super Robot Wars Z Jigoku Hen,PS3,2014.0,Role-Playing,Namco Bandai Games,0.0,0.0,0.23,0.0,0.23
341,13742,Worms Armageddon,N64,1999.0,Strategy,Infogrames,0.03,0.01,0.0,0.0,0.04
342,2456,Golden Sun: Dark Dawn,DS,2010.0,Role-Playing,Nintendo,0.56,0.11,0.13,0.05,0.84
343,7812,Mace Griffin: Bounty Hunter,PS2,2003.0,Shooter,Electronic Arts,0.09,0.07,0.0,0.02,0.19
344,10371,Sakura Wars,DC,2000.0,Adventure,Sega,0.0,0.0,0.11,0.0,0.11
345,3367,From TV Animation One Piece: Grand Battle 2,PS,2002.0,Fighting,Namco Bandai Games,0.0,0.0,0.56,0.04,0.6
346,12374,Jurassic Park III: Park Builder,GBA,2001.0,Simulation,Konami Digital Entertainment,0.04,0.02,0.0,0.0,0.06
347,3200,Disney Universe,PS3,2011.0,Action,Disney Interactive Studios,0.3,0.23,0.0,0.09,0.63
348,1087,Madden NFL 2001,PS,2000.0,Sports,Electronic Arts,1.58,0.05,0.0,0.04,1.67
349,8072,Rabbids Party Collection,Wii,2010.0,Misc,Ubisoft,0.0,0.16,0.0,0.02,0.18
350,11858,Lupin Sansei: Shijou Saidai no Zunousen,DS,2010.0,Adventure,Namco Bandai Games,0.0,0.0,0.07,0.0,0.07
351,3764,Jampack Volume 11,PS2,2004.0,Misc,Sony Computer Entertainment,0.26,0.2,0.0,0.07,0.53
352,10205,Shin Sangoku Musou 6 Special,PSP,2011.0,Action,Tecmo Koei,0.0,0.0,0.11,0.0,0.11
353,9859,Rubik's World,DS,2008.0,Puzzle,Game Factory,0.1,0.01,0.0,0.01,0.12
354,11020,Obscure: The Aftermath,PSP,2009.0,Action,Playlogic Game Factory,0.05,0.03,0.0,0.02,0.09
355,16427,Real Crimes: The Unicorn Killer,DS,2011.0,Puzzle,Unknown,0.0,0.01,0.0,0.0,0.01
356,9038,Balloon Pop,DS,2009.0,Puzzle,UFO Interactive,0.13,0.0,0.0,0.01,0.14
357,903,Toy Story Mania!,Wii,2009.0,Misc,Disney Interactive Studios,1.06,0.67,0.0,0.18,1.92
358,12296,Fist of the North Star: Ken's Rage 2,X360,2012.0,Fighting,Tecmo Koei,0.03,0.01,0.02,0.0,0.06
359,4271,Jampack Winter 2003 (RP-M),PS2,2003.0,Misc,Sony Computer Entertainment,0.22,0.18,0.0,0.06,0.46
360,6352,Tales of Eternia,PSP,2005.0,Role-Playing,Ubisoft,0.0,0.01,0.25,0.01,0.27
361,7810,Avatar: The Last Airbender - Into the Inferno,Wii,2008.0,Adventure,THQ,0.17,0.01,0.0,0.01,0.19
362,4962,Super Famista 3,SNES,1994.0,Sports,Namco Bandai Games,0.0,0.0,0.39,0.0,0.39
363,4042,Mobile Suit Gundam Seed Destiny: Rengou vs. Z.A.F.T. II Plus,PS2,2006.0,Shooter,Namco Bandai Games,0.0,0.0,0.49,0.0,0.49
364,11376,Zatch Bell! Mamodo Battles,PS2,2005.0,Fighting,Namco Bandai Games,0.04,0.03,0.0,0.01,0.08
365,8999,Mega Man Powered Up,PSP,2006.0,Platform,Capcom,0.12,0.01,0.0,0.02,0.14
366,14473,Great Edo Blacksmith,PSV,2014.0,Adventure,Nippon Ichi Software,0.0,0.0,0.03,0.0,0.03
367,8459,Mr. Do!'s Castle,2600,1983.0,Action,Parker Bros.,0.15,0.01,0.0,0.0,0.17
368,1123,Kinectimals,X360,2010.0,Simulation,Microsoft Game Studios,1.02,0.48,0.0,0.14,1.64
369,14604,OZMAFIA!! -vivace-,PSV,2015.0,Adventure,dramatic create,0.0,0.0,0.03,0.0,0.03
370,13797,The Da Vinci Code,XB,2006.0,Action,Take-Two Interactive,0.03,0.01,0.0,0.0,0.04
371,13778,Go Diego Go!: Safari Rescue,PS2,2008.0,Action,Take-Two Interactive,0.02,0.02,0.0,0.01,0.04
372,172,Pokemon Pinball,GB,1999.0,Misc,Nintendo,3.02,1.12,1.01,0.16,5.31
373,11256,Princess Maker 2,SAT,1995.0,Simulation,Micro Cabin,0.0,0.0,0.08,0.0,0.08
374,3721,Kidou Senshi Gundam: Extreme VS,PS3,2011.0,Fighting,Namco Bandai Games,0.0,0.0,0.54,0.0,0.54
375,15735,Elkrone no Atelier: Dear for Otomate,PSP,2012.0,Action,Idea Factory,0.0,0.0,0.02,0.0,0.02
376,12688,Scurge: Hive,DS,2006.0,Action,SouthPeak Games,0.05,0.0,0.0,0.0,0.06
377,15643,Final Fantasy XIV: Heavensward,PC,2015.0,Action,Square Enix,0.01,0.01,0.0,0.0,0.02
378,5304,Dragon Ball Z: Budokai Tenkaichi 2 (JP sales),Wii,1234,Action,,0.15,0.05,0.14,0.01,0.35
379,13821,Stuntman,GBA,2003.0,Racing,Atari,0.03,0.01,0.0,0.0,0.04
380,14141,World Series of Poker: Tournament of Champions 2007 Edition,PS2,2006.0,Misc,Activision,0.02,0.01,0.0,0.0,0.03
381,508,The Elder Scrolls III: Morrowind,XB,2002.0,Role-Playing,Ubisoft,2.09,0.63,0.03,0.11,2.86
382,4418,"SpongeBob SquarePants: Lights, Camera, Pants!",PS2,2005.0,Misc,THQ,0.37,0.01,0.0,0.06,0.44
383,1173,MySims Kingdom,DS,2008.0,Simulation,Electronic Arts,0.81,0.6,0.01,0.17,1.58
384,15289,Ore no Yome: Anata Dake no Hanayome,X360,2010.0,Adventure,Idea Factory,0.0,0.0,0.02,0.0,0.02
385,13059,Men of War: Assault Squad,PC,2011.0,Strategy,1C Company,0.01,0.03,0.0,0.01,0.05
386,5792,TouchMaster: Connect,DS,2010.0,Puzzle,Warner Bros. Interactive Entertainment,0.11,0.17,0.0,0.03,0.31
387,1253,SoulCalibur II,GC,2003.0,Fighting,Namco Bandai Games,0.99,0.32,0.11,0.08,1.5
388,12194,Sly 2: Band of Thieves,PS3,2010.0,Platform,Sony Computer Entertainment,0.0,0.05,0.0,0.02,0.07
389,11253,Guilty Gear XX Accent Core Plus,PSP,2008.0,Fighting,PQube,0.03,0.01,0.04,0.01,0.08
390,2850,Driver: San Francisco,X360,2011.0,Racing,Ubisoft,0.25,0.39,0.0,0.08,0.72
391,14462,Freaky Flyers,XB,2003.0,Racing,Midway Games,0.02,0.01,0.0,0.0,0.03
392,11045,Ochaken no Heya DS 2,DS,2007.0,Simulation,MTO,0.0,0.0,0.09,0.0,0.09
393,16039,Utawarerumono: Futari no Hakuoro,PS3,2016.0,Misc,Aqua Plus,0.0,0.0,0.01,0.0,0.01
394,2081,Puzzler Collection,DS,2008.0,Puzzle,Ubisoft,0.17,0.78,0.0,0.04,1.0
395,1154,F-1 World Grand Prix,N64,1998.0,Racing,Video System,0.46,0.96,0.09,0.08,1.6
396,6922,Guitar Hero Live,X360,2015.0,Misc,Activision,0.12,0.1,0.0,0.02,0.24
397,7794,Shrek: Forever After,PS3,2010.0,Platform,Activision,0.16,0.02,0.0,0.02,0.19
398,15827,A Vampyre Story,PC,2008.0,Adventure,Crimson Cow,0.0,0.01,0.0,0.0,0.02
399,16242,Builder's Block,PS,1999.0,Strategy,EON Digital Entertainment,0.01,0.0,0.0,0.0,0.01
400,3372,Xena: Warrior Princess,PS,1998.0,Adventure,Electronic Arts,0.33,0.23,0.0,0.04,0.6
401,2344,EA Sports UFC 2,PS4,2016.0,Sports,Electronic Arts,0.28,0.47,0.0,0.14,0.89
402,567,Guitar Hero: World Tour,X360,2008.0,Misc,Activision,1.78,0.64,0.0,0.25,2.67
403,8595,Culdcept SAGA,X360,2006.0,Role-Playing,Namco Bandai Games,0.12,0.0,0.03,0.01,0.16
404,14947,BeatMania IIDX 11: IIDX Red,PS2,2006.0,Simulation,Konami Digital Entertainment,0.0,0.0,0.02,0.0,0.02
405,15029,Stronghold Crusader Extreme,PC,2008.0,Strategy,Gamecock,0.0,0.02,0.0,0.0,0.02
406,9305,Guilty Gear,PS,1998.0,Fighting,Virgin Interactive,0.03,0.02,0.07,0.01,0.14
407,7648,From Russia With Love,XB,2005.0,Action,Electronic Arts,0.15,0.04,0.0,0.01,0.2
408,874,Crash Nitro Kart,PS2,2003.0,Racing,Vivendi Games,0.74,1.01,0.0,0.2,1.95
409,9190,Sid Meier's Pirates!,XB,2005.0,Strategy,Take-Two Interactive,0.11,0.03,0.0,0.01,0.14
410,12937,Metal Fight Beyblade: Bakugami Susanoh Shuurai!,DS,2010.0,Action,Hudson Soft,0.0,0.0,0.05,0.0,0.05
411,3288,NHL 16,PS4,2015.0,Sports,Electronic Arts,0.35,0.15,0.0,0.11,0.61
412,5655,Disney's Extreme Skate Adventure,PS2,2003.0,Sports,Activision,0.16,0.12,0.0,0.04,0.32
413,2257,Wipeout: In The Zone,X360,2011.0,Misc,Activision,0.87,0.0,0.0,0.05,0.92
414,3338,Monster Trucks,GBA,2004.0,Racing,Majesco Entertainment,0.43,0.16,0.0,0.01,0.6
415,10236,Higurashi no Naku Koro ni Matsuri,PS2,2007.0,Adventure,Alchemist,0.0,0.0,0.11,0.0,0.11
416,3846,Mega Man 6,NES,1993.0,Platform,Capcom,0.28,0.07,0.16,0.01,0.52
417,2544,Guitar Hero Live,PS4,2015.0,Misc,Activision,0.32,0.35,0.0,0.13,0.81
418,4516,MLB 2002,PS,2001.0,Sports,Sony Computer Entertainment,0.24,0.16,0.0,0.03,0.43
419,7612,CSI: Unsolved!,DS,2010.0,Adventure,Ubisoft,0.13,0.06,0.0,0.02,0.2
420,12221,Top Gun,PS3,2011.0,Simulation,505 Games,0.06,0.0,0.0,0.01,0.07
421,5351,Kurushi Final: Mental Blocks,PS,1998.0,Puzzle,Sony Computer Entertainment,0.0,0.0,0.32,0.02,0.34
422,7088,Naruto: Ninja Council 2 European Version,DS,2005.0,Fighting,Tomy Corporation,0.0,0.0,0.23,0.0,0.23
423,16339,Nakayoshi All-Stars: Mezase Gakuen Idol,DS,2008.0,Misc,Creative Core,0.0,0.0,0.01,0.0,0.01
424,9771,Saru! Get You! Million Monkeys,PS2,1234,Platform,Unknown,0.0,0.0,0.12,0.0,0.12
425,1611,Star Wars Episode III: Revenge of the Sith,XB,2005.0,Action,Activision,0.82,0.38,0.0,0.04,1.24
426,7853,Need for Speed: Shift 2 Unleashed,PC,2011.0,Racing,Electronic Arts,0.05,0.11,0.0,0.03,0.19
427,6216,iCarly 2: iJoin The Click!,DS,2010.0,Adventure,Activision,0.26,0.01,0.0,0.02,0.28
428,13654,Doki Doki! PreCure Narikiri Life!,3DS,2013.0,Action,Namco Bandai Games,0.0,0.0,0.04,0.0,0.04
429,2806,Practise English!,DS,2007.0,Misc,Nintendo,0.0,0.0,0.73,0.0,0.73
430,7524,Suikoden Tactics,PS2,2005.0,Strategy,Konami Digital Entertainment,0.06,0.05,0.07,0.02,0.2
431,1681,Enter the Matrix,XB,2003.0,Action,Atari,0.72,0.43,0.01,0.04,1.2
432,14197,Backyard NFL Football 2006,GBA,2005.0,Sports,Atari,0.02,0.01,0.0,0.0,0.03
433,29,Gran Turismo 3: A-Spec,PS2,2001.0,Racing,Sony Computer Entertainment,6.85,5.09,1.87,1.16,14.98
434,1459,Lost Planet: Extreme Condition,X360,2006.0,Shooter,Capcom,1.09,0.04,0.1,0.11,1.34
435,905,Star Wars: The Force Unleashed,Wii,2008.0,Action,LucasArts,1.14,0.57,0.0,0.19,1.91
436,3635,Metal Gear Solid 3: Subsistence,PS2,2005.0,Action,Konami Digital Entertainment,0.34,0.01,0.15,0.06,0.55
437,15161,SBK: Snowboard Kids,DS,2005.0,Sports,Rising Star Games,0.02,0.0,0.0,0.0,0.02
438,271,EyeToy Play,PS2,2003.0,Misc,Sony Computer Entertainment,0.88,2.3,0.2,0.83,4.2
439,296,Far Cry 4,PS4,2014.0,Shooter,Ubisoft,1.12,2.12,0.1,0.69,4.03
440,5045,MediEvil II,PS,1999.0,Action,Sony Computer Entertainment,0.21,0.14,0.0,0.02,0.38
441,9546,Puppies 3D,3DS,2011.0,Misc,Ubisoft,0.08,0.04,0.0,0.01,0.13
442,7063,Puss in Boots,X360,2011.0,Action,THQ,0.2,0.02,0.0,0.02,0.23
443,16020,Unreal Tournament 2003,PC,2002.0,Shooter,Atari,0.0,0.01,0.0,0.0,0.01
444,3628,MX vs. ATV: Alive,X360,2011.0,Racing,THQ,0.37,0.14,0.0,0.05,0.56
445,15187,Sengoku Otome: Legend Battle,PSV,2016.0,Action,Unknown,0.0,0.0,0.02,0.0,0.02
446,12346,The King of Route 66,PS2,2003.0,Racing,Sega,0.03,0.02,0.0,0.01,0.06
447,1998,Mega Man X4,PS,1996.0,Action,Virgin Interactive,0.45,0.3,0.22,0.07,1.04
448,5288,Jikkyou Powerful Pro Yakyuu 13,PS2,2006.0,Sports,Konami Digital Entertainment,0.0,0.0,0.35,0.0,0.35
449,15020,Fishdom 2 Deluxe,PC,2010.0,Puzzle,Rondomedia,0.0,0.02,0.0,0.01,0.02
450,14609,Detective Opera: Milky Holmes 2,PSP,2012.0,Adventure,BushiRoad,0.0,0.0,0.03,0.0,0.03
451,4317,Barbie as The Island Princess,Wii,2007.0,Adventure,Activision,0.42,0.0,0.0,0.03,0.45
452,2552,EarthBound,SNES,1994.0,Role-Playing,Nintendo,0.0,0.0,0.81,0.0,0.81
453,13227,Need for Speed Underground,PC,2003.0,Racing,Electronic Arts,0.0,0.04,0.0,0.01,0.05
454,1399,WWE '13,PS3,2012.0,Action,THQ,0.51,0.62,0.0,0.26,1.39
455,12714,Tom Clancy's Splinter Cell: Double Agent,GC,2006.0,Action,Ubisoft,0.04,0.01,0.0,0.0,0.06
456,9193,Pro Yaky? Spirits 2014,PS3,2014.0,Sports,Konami Digital Entertainment,0.0,0.0,0.14,0.0,0.14
457,3913,"Transformers: War for Cybertron (XBox 360, PS3, & PC Versions)",PS3,2010.0,Shooter,Activision,0.24,0.19,0.0,0.08,0.51
458,7834,Farming Simulator 2015,XOne,2015.0,Simulation,Koch Media,0.1,0.07,0.0,0.02,0.19
459,24,Grand Theft Auto V,X360,2013.0,Action,Take-Two Interactive,9.63,5.31,0.06,1.38,16.38
460,1397,Dynasty Warriors 5,PS2,2005.0,Action,Tecmo Koei,0.24,0.18,0.91,0.06,1.39
461,5260,Football Manager Handheld 2010,PSP,2009.0,Sports,Sega,0.0,0.26,0.0,0.09,0.36
462,13687,Chaos;Head - Love Chu*Chu!,PSP,2011.0,Adventure,5pb,0.0,0.0,0.04,0.0,0.04
463,1625,Castlevania,NES,1986.0,Platform,Konami Digital Entertainment,0.54,0.06,0.62,0.01,1.23
464,6601,Super Robot Taisen R,GBA,2002.0,Strategy,Banpresto,0.0,0.0,0.25,0.01,0.26
465,2655,James Bond 007: Nightfire,GC,2002.0,Shooter,Electronic Arts,0.6,0.16,0.0,0.02,0.78
466,8399,Clock Tower II: The Struggle Within,PS,1998.0,Adventure,Human Entertainment,0.02,0.01,0.12,0.01,0.17
467,558,Madden NFL 11,X360,2010.0,Sports,Electronic Arts,2.38,0.12,0.0,0.18,2.69
468,3539,Blood Wake,XB,2001.0,Shooter,Microsoft Game Studios,0.43,0.12,0.0,0.02,0.57
469,15269,Shiratsuyu no Kai,PSP,2013.0,Adventure,Idea Factory,0.0,0.0,0.02,0.0,0.02
470,16441,Brothers Conflict: Precious Baby,PSV,2017.0,Action,Idea Factory,0.0,0.0,0.01,0.0,0.01
471,4021,Ace Combat: Assault Horizon,X360,2011.0,Action,Namco Bandai Games,0.3,0.12,0.03,0.04,0.49
472,522,Myst,PC,1994.0,Adventure,Red Orb,0.02,2.79,0.0,0.0,2.81
473,8631,Tak and the Guardians of Gross,Wii,2008.0,Action,THQ,0.15,0.0,0.0,0.01,0.16
474,8600,The Crew,PC,2014.0,Racing,Ubisoft,0.0,0.15,0.0,0.01,0.16
475,13704,XCOM 2,PS4,2016.0,Strategy,Take-Two Interactive,0.01,0.02,0.0,0.01,0.04
476,14189,Battle Assault 3 featuring Gundam Seed,PS2,2004.0,Action,Namco Bandai Games,0.02,0.01,0.0,0.0,0.03
477,13722,Summer Challenge: Athletics Tournament,PS3,2011.0,Sports,PQube,0.0,0.03,0.0,0.01,0.04
478,9041,Asphalt: Urban GT 2,DS,2006.0,Racing,Ubisoft,0.09,0.04,0.0,0.01,0.14
479,8477,Leisure Suit Larry: Box Office Bust,X360,2009.0,Adventure,Codemasters,0.14,0.01,0.0,0.01,0.16
480,3305,pro evolution soccer 2011,X360,2010.0,Sports,Konami Digital Entertainment,0.09,0.44,0.0,0.07,0.61
481,4978,Evil Dead: Fistfull of Boomstick,PS2,2003.0,Action,THQ,0.19,0.15,0.0,0.05,0.38
482,3573,"Monsters, Inc. Scream Team",PS,2001.0,Platform,Sony Computer Entertainment,0.31,0.21,0.0,0.04,0.56
483,4324,J-League Excite Stage '95,SNES,1995.0,Sports,Epoch,0.0,0.0,0.45,0.0,0.45
484,12574,LEGO Batman: The Videogame,PC,2008.0,Action,Warner Bros. Interactive Entertainment,0.02,0.03,0.0,0.01,0.06
485,2388,Pictionary,Wii,2010.0,Puzzle,THQ,0.61,0.19,0.0,0.07,0.87
486,2916,F-14 Tomcat,GBA,2001.0,Action,Majesco Entertainment,0.5,0.19,0.0,0.01,0.7
487,6188,Virtua Fighter 5 Online,X360,2007.0,Fighting,Sega,0.2,0.03,0.03,0.02,0.28
488,2677,Star Wars Episode II: Attack of the Clones,GBA,2002.0,Action,THQ,0.55,0.2,0.0,0.01,0.77
489,16401,Petz: Hamsterz Life 2,GBA,2007.0,Misc,Ubisoft,0.01,0.0,0.0,0.0,0.01
490,9328,Nayuta no Kiseki,PSP,2012.0,Action,Nihon Falcom Corporation,0.0,0.0,0.14,0.0,0.14
491,15360,Saki: Achiga-Hen Portable,PSP,2013.0,Adventure,Alchemist,0.0,0.0,0.02,0.0,0.02
492,1192,Final Fight,SNES,1990.0,Action,Capcom,0.67,0.17,0.69,0.03,1.56
493,16166,Deus Ex,PC,2000.0,Role-Playing,Eidos Interactive,0.0,0.01,0.0,0.0,0.01
494,4778,My Virtual Tutor: Reading Adventure First to Second Grade,DS,2009.0,Misc,Mentor Interactive,0.38,0.0,0.0,0.03,0.41
495,3974,Boogie,Wii,2007.0,Misc,Electronic Arts,0.43,0.03,0.0,0.04,0.5
496,13984,Hisshou Pachinko*Pachi-Slot Kouryaku Series Vol. 13: Shinseiki Evangelion - Yakusoku no Toki,PS2,2008.0,Misc,D3Publisher,0.0,0.0,0.04,0.0,0.04
497,13998,Fading Shadows,PSP,2008.0,Puzzle,Ivolgamus,0.03,0.0,0.0,0.0,0.04
498,6467,Skylanders: SuperChargers,Wii,2015.0,Action,Activision,0.05,0.19,0.0,0.02,0.26
499,12508,Olympic Hockey 98,N64,1998.0,Sports,GT Interactive,0.05,0.01,0.0,0.0,0.06
500,1518,NBA Live 07,PS2,2006.0,Sports,Electronic Arts,1.07,0.04,0.02,0.17,1.3
501,661,WCW/nWo Revenge,N64,1998.0,Fighting,THQ,1.94,0.39,0.03,0.02,2.38
502,6244,True Crime: New York City,XB,2005.0,Action,Activision,0.21,0.06,0.0,0.01,0.28
503,10314,FoxKids.com Micro Maniacs Racing,PS,2000.0,Racing,Codemasters,0.06,0.04,0.0,0.01,0.11
504,3240,Metal Gear Solid 2: Substance,XB,1234,Action,Konami Digital Entertainment,0.38,0.22,0.0,0.03,0.62
505,477,Animal Crossing: Happy Home Designer,3DS,2015.0,Simulation,Nintendo,0.47,1.0,1.39,0.12,2.98
506,13167,Yu-Gi-Oh! GX: Spirit Caller (Japan Sales),DS,2006.0,Misc,Konami Digital Entertainment,0.0,0.0,0.05,0.0,0.05
507,7634,Tony Hawk's Pro Skater 5,PS4,2015.0,Sports,Activision,0.09,0.08,0.0,0.03,0.2
508,7887,Conflict: Global Terror,PS2,2005.0,Shooter,Eidos Interactive,0.09,0.07,0.0,0.02,0.19
509,14245,Maximum Racing: GP Classic Racing,Wii,2010.0,Racing,Nordic Games,0.03,0.0,0.0,0.0,0.03
510,9045,Monster House,PS2,2006.0,Adventure,THQ,0.07,0.05,0.0,0.02,0.14
511,9086,Hero's Saga Laevatein Tactics,DS,2008.0,Role-Playing,GungHo,0.13,0.0,0.0,0.01,0.14
512,4328,The Powerpuff Girls: Relish Rampage,PS2,2002.0,Action,BAM! Entertainment,0.22,0.17,0.0,0.06,0.45
513,14054,Penguins of Madagascar,WiiU,2014.0,Action,Namco Bandai Games,0.01,0.02,0.0,0.0,0.04
514,11648,Salon Superstar,DS,2009.0,Simulation,505 Games,0.07,0.0,0.0,0.0,0.08
515,14031,True Pinball,PS,1996.0,Misc,Ocean,0.02,0.01,0.0,0.0,0.04
516,13179,Yu-Gi-Oh! World Championship 2007,DS,2007.0,Strategy,Konami Digital Entertainment,0.0,0.01,0.04,0.0,0.05
517,6150,Beyblade: Metal Masters,DS,2010.0,Action,Konami Digital Entertainment,0.16,0.1,0.0,0.03,0.28
518,3877,Jampack Winter 2002,PS2,2002.0,Misc,Sony Computer Entertainment,0.25,0.2,0.0,0.07,0.52
519,2998,FIFA Soccer 06,XB,2005.0,Sports,Electronic Arts,0.29,0.38,0.0,0.01,0.68
520,4182,"Warhammer 40,000: Dawn of War II",PC,2009.0,Strategy,THQ,0.0,0.45,0.0,0.02,0.47
521,2055,Rayman Legends,PS4,2014.0,Platform,Ubisoft,0.21,0.61,0.0,0.18,1.01
522,2032,Shrek 2,GC,2004.0,Platform,Activision,0.73,0.26,0.01,0.03,1.02
523,4047,FIFA Soccer 64,N64,1997.0,Sports,Electronic Arts,0.16,0.3,0.0,0.03,0.49
524,2079,Disney Infinity,PS3,2013.0,Action,Disney Interactive Studios,0.48,0.35,0.0,0.16,1.0
525,11578,Motto! Stitch! DS Rhythm de Rakugaki Daisakusen,DS,2010.0,Misc,Disney Interactive Studios,0.0,0.0,0.08,0.0,0.08
526,2828,Star Wars Episode III: Revenge of the Sith,GBA,2005.0,Action,Ubisoft,0.52,0.19,0.0,0.01,0.72
527,7725,Beyblade: Metal Fusion - Battle Fortress,Wii,2009.0,Action,Konami Digital Entertainment,0.15,0.0,0.03,0.01,0.2
528,7781,Peter Jackson's King Kong: The Official Game of the Movie,PSP,2005.0,Action,Ubisoft,0.16,0.01,0.0,0.02,0.19
529,1469,Your Shape: Fitness Evolved,X360,2010.0,Sports,Ubisoft,0.79,0.42,0.0,0.11,1.33
530,16033,My Little Baby,DS,2008.0,Simulation,CDV Software Entertainment,0.0,0.01,0.0,0.0,0.01
531,7358,de Blob 2,PS3,2011.0,Platform,THQ,0.11,0.07,0.0,0.03,0.21
532,4241,Syphon Filter: Logan's Shadow,PSP,2007.0,Shooter,Sony Computer Entertainment,0.25,0.12,0.0,0.09,0.46
533,15694,Prince of Stride,PSV,2015.0,Adventure,Kadokawa Games,0.0,0.0,0.02,0.0,0.02
534,2437,Street Fighter Alpha 2,PS,1996.0,Fighting,Virgin Interactive,0.14,0.09,0.57,0.06,0.85
535,2754,Madagascar: Escape 2 Africa,DS,2008.0,Action,Activision,0.42,0.26,0.0,0.07,0.75
536,16414,Teenage Mutant Ninja Turtles (3DS),3DS,2013.0,Action,Activision,0.01,0.0,0.0,0.0,0.01
537,12124,Shin Lucky * Star: Moe Drill ~Tabidachi~,DS,2007.0,Action,Kadokawa Shoten,0.0,0.0,0.07,0.0,0.07
538,7371,Ghostbusters II,2600,1234,Action,Activision,0.2,0.01,0.0,0.0,0.21
539,2357,WWE SmackDown vs. Raw 2011,X360,2010.0,Fighting,THQ,0.44,0.36,0.0,0.08,0.88
540,2552,EarthBound,SNES,1994.0,Role-Playing,Nintendo,0.0,0.0,0.81,0.0,0.81
541,10988,MX SuperFly featuring Ricky Carmichael,GC,2002.0,Racing,THQ,0.07,0.02,0.0,0.0,0.09
542,2032,Shrek 2,GC,2004.0,Platform,Activision,0.73,0.26,0.01,0.03,1.02
543,12822,MotoGP 4 - Official Game of MotoGP,PS2,2005.0,Racing,Sony Computer Entertainment,0.03,0.02,0.0,0.01,0.06
544,10656,NBA Ballers: Rebound,PSP,2006.0,Sports,Midway Games,0.09,0.0,0.0,0.01,0.1
545,4877,Alpha Protocol,X360,2010.0,Role-Playing,Sega,0.23,0.13,0.0,0.04,0.4
546,9206,Disney's Chicken Little,XB,2005.0,Platform,Disney Interactive Studios,0.1,0.03,0.0,0.0,0.14
547,2154,Dance Dance Revolution 2nd ReMIX,PS,1999.0,Simulation,Konami Digital Entertainment,0.0,0.0,0.9,0.06,0.96
548,4143,SimCity Creator,Wii,2008.0,Simulation,Electronic Arts,0.37,0.03,0.04,0.04,0.48
549,14462,Freaky Flyers,XB,2003.0,Racing,Midway Games,0.02,0.01,0.0,0.0,0.03
550,7513,Frogger 3D,3DS,2011.0,Action,Konami Digital Entertainment,0.16,0.03,0.0,0.01,0.2
551,872,Tom Clancy's Rainbow Six: Vegas,X360,2006.0,Shooter,Ubisoft,1.09,0.65,0.02,0.2,1.96
552,16389,TrackMania Turbo,PC,2016.0,Action,Ubisoft,0.0,0.01,0.0,0.0,0.01
